"Business Name","Business Type","Target Location","Number of Blogs","Previous Topics","Similar Topics"
"Mikes Auto Sales","Used Car Dealership","Salinas, CA","2","","Top 3 <Vehicle Description> in <Target Location> | How to get approved on a Used Car in <Target Location> | <Vehicle 1> vs. <Vehicle 2>: What should you buy in <Target Location> | What is Vehicle is Best for you in <Target Location> | Vehicle Highlight : Why Drive a <Vehicle Make and Mode> in <Target Location>"
"Alsbou Motors Riverside","Used Car Dealership","Riverside, CA","1","","Top 3 <Vehicle Description> in <Target Location> | How to get approved on a Used Car in <Target Location> | <Vehicle 1> vs. <Vehicle 2>: What should you buy in <Target Location> | What is Vehicle is Best for you in <Target Location> | Vehicle Highlight : Why Drive a <Vehicle Make and Mode> in <Target Location>"
"Skyline Auto Sales","Used Car Dealership","Santa Rosa, CA","1","","Top 3 <Vehicle Description> in <Target Location> | How to get approved on a Used Car in <Target Location> | <Vehicle 1> vs. <Vehicle 2>: What should you buy in <Target Location> | What is Vehicle is Best for you in <Target Location> | Vehicle Highlight : Why Drive a <Vehicle Make and Mode> in <Target Location>"
"T&D Auto Group","Used Car Dealership","Fresno, CA","4","","Top 3 <Vehicle Description> in <Target Location> | How to get approved on a Used Car in <Target Location> | <Vehicle 1> vs. <Vehicle 2>: What should you buy in <Target Location> | What is Vehicle is Best for you in <Target Location> | Vehicle Highlight : Why Drive a <Vehicle Make and Mode> in <Target Location>"
"Twins Auto Sales","Used Car Dealership","Redford, MI","1","","Top 3 <Vehicle Description> in <Target Location> | How to get approved on a Used Car in <Target Location> | <Vehicle 1> vs. <Vehicle 2>: What should you buy in <Target Location> | What is Vehicle is Best for you in <Target Location> | Vehicle Highlight : Why Drive a <Vehicle Make and Mode> in <Target Location>"
"Siry Motors","Used Car Dealership","San Diego, CA","1","","Top 3 <Vehicle Description> in <Target Location> | How to get approved on a Used Car in <Target Location> | <Vehicle 1> vs. <Vehicle 2>: What should you buy in <Target Location> | What is Vehicle is Best for you in <Target Location> | Vehicle Highlight : Why Drive a <Vehicle Make and Mode> in <Target Location>"
"Siry Auto","Used Car Dealership","San Diego, CA","1","","Top 3 <Vehicle Description> in <Target Location> | How to get approved on a Used Car in <Target Location> | <Vehicle 1> vs. <Vehicle 2>: What should you buy in <Target Location> | What is Vehicle is Best for you in <Target Location> | Vehicle Highlight : Why Drive a <Vehicle Make and Mode> in <Target Location>"
"Passport Motors","Used Car Dealership","Plano, TX","2","","Top 3 <Vehicle Description> in <Target Location> | How to get approved on a Used Car in <Target Location> | <Vehicle 1> vs. <Vehicle 2>: What should you buy in <Target Location> | What is Vehicle is Best for you in <Target Location> | Vehicle Highlight : Why Drive a <Vehicle Make and Mode> in <Target Location>"
"Turlock Auto Source","Used Car Dealership","Turlock, CA","4","","Top 3 <Vehicle Description> in <Target Location> | How to get approved on a Used Car in <Target Location> | <Vehicle 1> vs. <Vehicle 2>: What should you buy in <Target Location> | What is Vehicle is Best for you in <Target Location> | Vehicle Highlight : Why Drive a <Vehicle Make and Mode> in <Target Location>"
"Econo Auto Sales","Used Car Dealership","Lakewood, CO","1","","Top 3 <Vehicle Description> in <Target Location> | How to get approved on a Used Car in <Target Location> | <Vehicle 1> vs. <Vehicle 2>: What should you buy in <Target Location> | What is Vehicle is Best for you in <Target Location> | Vehicle Highlight : Why Drive a <Vehicle Make and Mode> in <Target Location>"
"Jaber Motors Now","Used Car Dealership","Reedley, CA","2","","Top 3 <Vehicle Description> in <Target Location> | How to get approved on a Used Car in <Target Location> | <Vehicle 1> vs. <Vehicle 2>: What should you buy in <Target Location> | What is Vehicle is Best for you in <Target Location> | Vehicle Highlight : Why Drive a <Vehicle Make and Mode> in <Target Location>"
"Jaber Motors Reedley","Used Car Dealership","Reedley, CA","2","","Top 3 <Vehicle Description> in <Target Location> | How to get approved on a Used Car in <Target Location> | <Vehicle 1> vs. <Vehicle 2>: What should you buy in <Target Location> | What is Vehicle is Best for you in <Target Location> | Vehicle Highlight : Why Drive a <Vehicle Make and Mode> in <Target Location>"
"Jaber Motors Delano","Used Car Dealership","Delano, CA","2","","Top 3 <Vehicle Description> in <Target Location> | How to get approved on a Used Car in <Target Location> | <Vehicle 1> vs. <Vehicle 2>: What should you buy in <Target Location> | What is Vehicle is Best for you in <Target Location> | Vehicle Highlight : Why Drive a <Vehicle Make and Mode> in <Target Location>"